"","Month","Sunspots"
"1",1749-01-01,58
"2",1749-02-01,62.6
"3",1749-03-01,70
"4",1749-04-01,55.7
"5",1749-05-01,85
"6",1749-06-01,83.5
"7",1749-07-01,94.8
"8",1749-08-01,66.3
"9",1749-09-01,75.9
"10",1749-10-01,75.5
"11",1749-11-01,158.6
"12",1749-12-01,85.2
"13",1750-01-01,73.3
"14",1750-02-01,75.9
"15",1750-03-01,89.2
"16",1750-04-01,88.3
"17",1750-05-01,90
"18",1750-06-01,100
"19",1750-07-01,85.4
"20",1750-08-01,103
"21",1750-09-01,91.2
"22",1750-10-01,65.7
"23",1750-11-01,63.3
"24",1750-12-01,75.4
"25",1751-01-01,70
"26",1751-02-01,43.5
"27",1751-03-01,45.3
"28",1751-04-01,56.4
"29",1751-05-01,60.7
"30",1751-06-01,50.7
"31",1751-07-01,66.3
"32",1751-08-01,59.8
"33",1751-09-01,23.5
"34",1751-10-01,23.2
"35",1751-11-01,28.5
"36",1751-12-01,44
"37",1752-01-01,35
"38",1752-02-01,50
"39",1752-03-01,71
"40",1752-04-01,59.3
"41",1752-05-01,59.7
"42",1752-06-01,39.6
"43",1752-07-01,78.4
"44",1752-08-01,29.3
"45",1752-09-01,27.1
"46",1752-10-01,46.6
"47",1752-11-01,37.6
"48",1752-12-01,40
"49",1753-01-01,44
"50",1753-02-01,32
"51",1753-03-01,45.7
"52",1753-04-01,38
"53",1753-05-01,36
"54",1753-06-01,31.7
"55",1753-07-01,22.2
"56",1753-08-01,39
"57",1753-09-01,28
"58",1753-10-01,25
"59",1753-11-01,20
"60",1753-12-01,6.7
"61",1754-01-01,0
"62",1754-02-01,3
"63",1754-03-01,1.7
"64",1754-04-01,13.7
"65",1754-05-01,20.7
"66",1754-06-01,26.7
"67",1754-07-01,18.8
"68",1754-08-01,12.3
"69",1754-09-01,8.2
"70",1754-10-01,24.1
"71",1754-11-01,13.2
"72",1754-12-01,4.2
"73",1755-01-01,10.2
"74",1755-02-01,11.2
"75",1755-03-01,6.8
"76",1755-04-01,6.5
"77",1755-05-01,0
"78",1755-06-01,0
"79",1755-07-01,8.6
"80",1755-08-01,3.2
"81",1755-09-01,17.8
"82",1755-10-01,23.7
"83",1755-11-01,6.8
"84",1755-12-01,20
"85",1756-01-01,12.5
"86",1756-02-01,7.1
"87",1756-03-01,5.4
"88",1756-04-01,9.4
"89",1756-05-01,12.5
"90",1756-06-01,12.9
"91",1756-07-01,3.6
"92",1756-08-01,6.4
"93",1756-09-01,11.8
"94",1756-10-01,14.3
"95",1756-11-01,17
"96",1756-12-01,9.4
"97",1757-01-01,14.1
"98",1757-02-01,21.2
"99",1757-03-01,26.2
"100",1757-04-01,30
"101",1757-05-01,38.1
"102",1757-06-01,12.8
"103",1757-07-01,25
"104",1757-08-01,51.3
"105",1757-09-01,39.7
"106",1757-10-01,32.5
"107",1757-11-01,64.7
"108",1757-12-01,33.5
"109",1758-01-01,37.6
"110",1758-02-01,52
"111",1758-03-01,49
"112",1758-04-01,72.3
"113",1758-05-01,46.4
"114",1758-06-01,45
"115",1758-07-01,44
"116",1758-08-01,38.7
"117",1758-09-01,62.5
"118",1758-10-01,37.7
"119",1758-11-01,43
"120",1758-12-01,43
"121",1759-01-01,48.3
"122",1759-02-01,44
"123",1759-03-01,46.8
"124",1759-04-01,47
"125",1759-05-01,49
"126",1759-06-01,50
"127",1759-07-01,51
"128",1759-08-01,71.3
"129",1759-09-01,77.2
"130",1759-10-01,59.7
"131",1759-11-01,46.3
"132",1759-12-01,57
"133",1760-01-01,67.3
"134",1760-02-01,59.5
"135",1760-03-01,74.7
"136",1760-04-01,58.3
"137",1760-05-01,72
"138",1760-06-01,48.3
"139",1760-07-01,66
"140",1760-08-01,75.6
"141",1760-09-01,61.3
"142",1760-10-01,50.6
"143",1760-11-01,59.7
"144",1760-12-01,61
"145",1761-01-01,70
"146",1761-02-01,91
"147",1761-03-01,80.7
"148",1761-04-01,71.7
"149",1761-05-01,107.2
"150",1761-06-01,99.3
"151",1761-07-01,94.1
"152",1761-08-01,91.1
"153",1761-09-01,100.7
"154",1761-10-01,88.7
"155",1761-11-01,89.7
"156",1761-12-01,46
"157",1762-01-01,43.8
"158",1762-02-01,72.8
"159",1762-03-01,45.7
"160",1762-04-01,60.2
"161",1762-05-01,39.9
"162",1762-06-01,77.1
"163",1762-07-01,33.8
"164",1762-08-01,67.7
"165",1762-09-01,68.5
"166",1762-10-01,69.3
"167",1762-11-01,77.8
"168",1762-12-01,77.2
"169",1763-01-01,56.5
"170",1763-02-01,31.9
"171",1763-03-01,34.2
"172",1763-04-01,32.9
"173",1763-05-01,32.7
"174",1763-06-01,35.8
"175",1763-07-01,54.2
"176",1763-08-01,26.5
"177",1763-09-01,68.1
"178",1763-10-01,46.3
"179",1763-11-01,60.9
"180",1763-12-01,61.4
"181",1764-01-01,59.7
"182",1764-02-01,59.7
"183",1764-03-01,40.2
"184",1764-04-01,34.4
"185",1764-05-01,44.3
"186",1764-06-01,30
"187",1764-07-01,30
"188",1764-08-01,30
"189",1764-09-01,28.2
"190",1764-10-01,28
"191",1764-11-01,26
"192",1764-12-01,25.7
"193",1765-01-01,24
"194",1765-02-01,26
"195",1765-03-01,25
"196",1765-04-01,22
"197",1765-05-01,20.2
"198",1765-06-01,20
"199",1765-07-01,27
"200",1765-08-01,29.7
"201",1765-09-01,16
"202",1765-10-01,14
"203",1765-11-01,14
"204",1765-12-01,13
"205",1766-01-01,12
"206",1766-02-01,11
"207",1766-03-01,36.6
"208",1766-04-01,6
"209",1766-05-01,26.8
"210",1766-06-01,3
"211",1766-07-01,3.3
"212",1766-08-01,4
"213",1766-09-01,4.3
"214",1766-10-01,5
"215",1766-11-01,5.7
"216",1766-12-01,19.2
"217",1767-01-01,27.4
"218",1767-02-01,30
"219",1767-03-01,43
"220",1767-04-01,32.9
"221",1767-05-01,29.8
"222",1767-06-01,33.3
"223",1767-07-01,21.9
"224",1767-08-01,40.8
"225",1767-09-01,42.7
"226",1767-10-01,44.1
"227",1767-11-01,54.7
"228",1767-12-01,53.3
"229",1768-01-01,53.5
"230",1768-02-01,66.1
"231",1768-03-01,46.3
"232",1768-04-01,42.7
"233",1768-05-01,77.7
"234",1768-06-01,77.4
"235",1768-07-01,52.6
"236",1768-08-01,66.8
"237",1768-09-01,74.8
"238",1768-10-01,77.8
"239",1768-11-01,90.6
"240",1768-12-01,111.8
"241",1769-01-01,73.9
"242",1769-02-01,64.2
"243",1769-03-01,64.3
"244",1769-04-01,96.7
"245",1769-05-01,73.6
"246",1769-06-01,94.4
"247",1769-07-01,118.6
"248",1769-08-01,120.3
"249",1769-09-01,148.8
"250",1769-10-01,158.2
"251",1769-11-01,148.1
"252",1769-12-01,112
"253",1770-01-01,104
"254",1770-02-01,142.5
"255",1770-03-01,80.1
"256",1770-04-01,51
"257",1770-05-01,70.1
"258",1770-06-01,83.3
"259",1770-07-01,109.8
"260",1770-08-01,126.3
"261",1770-09-01,104.4
"262",1770-10-01,103.6
"263",1770-11-01,132.2
"264",1770-12-01,102.3
"265",1771-01-01,36
"266",1771-02-01,46.2
"267",1771-03-01,46.7
"268",1771-04-01,64.9
"269",1771-05-01,152.7
"270",1771-06-01,119.5
"271",1771-07-01,67.7
"272",1771-08-01,58.5
"273",1771-09-01,101.4
"274",1771-10-01,90
"275",1771-11-01,99.7
"276",1771-12-01,95.7
"277",1772-01-01,100.9
"278",1772-02-01,90.8
"279",1772-03-01,31.1
"280",1772-04-01,92.2
"281",1772-05-01,38
"282",1772-06-01,57
"283",1772-07-01,77.3
"284",1772-08-01,56.2
"285",1772-09-01,50.5
"286",1772-10-01,78.6
"287",1772-11-01,61.3
"288",1772-12-01,64
"289",1773-01-01,54.6
"290",1773-02-01,29
"291",1773-03-01,51.2
"292",1773-04-01,32.9
"293",1773-05-01,41.1
"294",1773-06-01,28.4
"295",1773-07-01,27.7
"296",1773-08-01,12.7
"297",1773-09-01,29.3
"298",1773-10-01,26.3
"299",1773-11-01,40.9
"300",1773-12-01,43.2
"301",1774-01-01,46.8
"302",1774-02-01,65.4
"303",1774-03-01,55.7
"304",1774-04-01,43.8
"305",1774-05-01,51.3
"306",1774-06-01,28.5
"307",1774-07-01,17.5
"308",1774-08-01,6.6
"309",1774-09-01,7.9
"310",1774-10-01,14
"311",1774-11-01,17.7
"312",1774-12-01,12.2
"313",1775-01-01,4.4
"314",1775-02-01,0
"315",1775-03-01,11.6
"316",1775-04-01,11.2
"317",1775-05-01,3.9
"318",1775-06-01,12.3
"319",1775-07-01,1
"320",1775-08-01,7.9
"321",1775-09-01,3.2
"322",1775-10-01,5.6
"323",1775-11-01,15.1
"324",1775-12-01,7.9
"325",1776-01-01,21.7
"326",1776-02-01,11.6
"327",1776-03-01,6.3
"328",1776-04-01,21.8
"329",1776-05-01,11.2
"330",1776-06-01,19
"331",1776-07-01,1
"332",1776-08-01,24.2
"333",1776-09-01,16
"334",1776-10-01,30
"335",1776-11-01,35
"336",1776-12-01,40
"337",1777-01-01,45
"338",1777-02-01,36.5
"339",1777-03-01,39
"340",1777-04-01,95.5
"341",1777-05-01,80.3
"342",1777-06-01,80.7
"343",1777-07-01,95
"344",1777-08-01,112
"345",1777-09-01,116.2
"346",1777-10-01,106.5
"347",1777-11-01,146
"348",1777-12-01,157.3
"349",1778-01-01,177.3
"350",1778-02-01,109.3
"351",1778-03-01,134
"352",1778-04-01,145
"353",1778-05-01,238.9
"354",1778-06-01,171.6
"355",1778-07-01,153
"356",1778-08-01,140
"357",1778-09-01,171.7
"358",1778-10-01,156.3
"359",1778-11-01,150.3
"360",1778-12-01,105
"361",1779-01-01,114.7
"362",1779-02-01,165.7
"363",1779-03-01,118
"364",1779-04-01,145
"365",1779-05-01,140
"366",1779-06-01,113.7
"367",1779-07-01,143
"368",1779-08-01,112
"369",1779-09-01,111
"370",1779-10-01,124
"371",1779-11-01,114
"372",1779-12-01,110
"373",1780-01-01,70
"374",1780-02-01,98
"375",1780-03-01,98
"376",1780-04-01,95
"377",1780-05-01,107.2
"378",1780-06-01,88
"379",1780-07-01,86
"380",1780-08-01,86
"381",1780-09-01,93.7
"382",1780-10-01,77
"383",1780-11-01,60
"384",1780-12-01,58.7
"385",1781-01-01,98.7
"386",1781-02-01,74.7
"387",1781-03-01,53
"388",1781-04-01,68.3
"389",1781-05-01,104.7
"390",1781-06-01,97.7
"391",1781-07-01,73.5
"392",1781-08-01,66
"393",1781-09-01,51
"394",1781-10-01,27.3
"395",1781-11-01,67
"396",1781-12-01,35.2
"397",1782-01-01,54
"398",1782-02-01,37.5
"399",1782-03-01,37
"400",1782-04-01,41
"401",1782-05-01,54.3
"402",1782-06-01,38
"403",1782-07-01,37
"404",1782-08-01,44
"405",1782-09-01,34
"406",1782-10-01,23.2
"407",1782-11-01,31.5
"408",1782-12-01,30
"409",1783-01-01,28
"410",1783-02-01,38.7
"411",1783-03-01,26.7
"412",1783-04-01,28.3
"413",1783-05-01,23
"414",1783-06-01,25.2
"415",1783-07-01,32.2
"416",1783-08-01,20
"417",1783-09-01,18
"418",1783-10-01,8
"419",1783-11-01,15
"420",1783-12-01,10.5
"421",1784-01-01,13
"422",1784-02-01,8
"423",1784-03-01,11
"424",1784-04-01,10
"425",1784-05-01,6
"426",1784-06-01,9
"427",1784-07-01,6
"428",1784-08-01,10
"429",1784-09-01,10
"430",1784-10-01,8
"431",1784-11-01,17
"432",1784-12-01,14
"433",1785-01-01,6.5
"434",1785-02-01,8
"435",1785-03-01,9
"436",1785-04-01,15.7
"437",1785-05-01,20.7
"438",1785-06-01,26.3
"439",1785-07-01,36.3
"440",1785-08-01,20
"441",1785-09-01,32
"442",1785-10-01,47.2
"443",1785-11-01,40.2
"444",1785-12-01,27.3
"445",1786-01-01,37.2
"446",1786-02-01,47.6
"447",1786-03-01,47.7
"448",1786-04-01,85.4
"449",1786-05-01,92.3
"450",1786-06-01,59
"451",1786-07-01,83
"452",1786-08-01,89.7
"453",1786-09-01,111.5
"454",1786-10-01,112.3
"455",1786-11-01,116
"456",1786-12-01,112.7
"457",1787-01-01,134.7
"458",1787-02-01,106
"459",1787-03-01,87.4
"460",1787-04-01,127.2
"461",1787-05-01,134.8
"462",1787-06-01,99.2
"463",1787-07-01,128
"464",1787-08-01,137.2
"465",1787-09-01,157.3
"466",1787-10-01,157
"467",1787-11-01,141.5
"468",1787-12-01,174
"469",1788-01-01,138
"470",1788-02-01,129.2
"471",1788-03-01,143.3
"472",1788-04-01,108.5
"473",1788-05-01,113
"474",1788-06-01,154.2
"475",1788-07-01,141.5
"476",1788-08-01,136
"477",1788-09-01,141
"478",1788-10-01,142
"479",1788-11-01,94.7
"480",1788-12-01,129.5
"481",1789-01-01,114
"482",1789-02-01,125.3
"483",1789-03-01,120
"484",1789-04-01,123.3
"485",1789-05-01,123.5
"486",1789-06-01,120
"487",1789-07-01,117
"488",1789-08-01,103
"489",1789-09-01,112
"490",1789-10-01,89.7
"491",1789-11-01,134
"492",1789-12-01,135.5
"493",1790-01-01,103
"494",1790-02-01,127.5
"495",1790-03-01,96.3
"496",1790-04-01,94
"497",1790-05-01,93
"498",1790-06-01,91
"499",1790-07-01,69.3
"500",1790-08-01,87
"501",1790-09-01,77.3
"502",1790-10-01,84.3
"503",1790-11-01,82
"504",1790-12-01,74
"505",1791-01-01,72.7
"506",1791-02-01,62
"507",1791-03-01,74
"508",1791-04-01,77.2
"509",1791-05-01,73.7
"510",1791-06-01,64.2
"511",1791-07-01,71
"512",1791-08-01,43
"513",1791-09-01,66.5
"514",1791-10-01,61.7
"515",1791-11-01,67
"516",1791-12-01,66
"517",1792-01-01,58
"518",1792-02-01,64
"519",1792-03-01,63
"520",1792-04-01,75.7
"521",1792-05-01,62
"522",1792-06-01,61
"523",1792-07-01,45.8
"524",1792-08-01,60
"525",1792-09-01,59
"526",1792-10-01,59
"527",1792-11-01,57
"528",1792-12-01,56
"529",1793-01-01,56
"530",1793-02-01,55
"531",1793-03-01,55.5
"532",1793-04-01,53
"533",1793-05-01,52.3
"534",1793-06-01,51
"535",1793-07-01,50
"536",1793-08-01,29.3
"537",1793-09-01,24
"538",1793-10-01,47
"539",1793-11-01,44
"540",1793-12-01,45.7
"541",1794-01-01,45
"542",1794-02-01,44
"543",1794-03-01,38
"544",1794-04-01,28.4
"545",1794-05-01,55.7
"546",1794-06-01,41.5
"547",1794-07-01,41
"548",1794-08-01,40
"549",1794-09-01,11.1
"550",1794-10-01,28.5
"551",1794-11-01,67.4
"552",1794-12-01,51.4
"553",1795-01-01,21.4
"554",1795-02-01,39.9
"555",1795-03-01,12.6
"556",1795-04-01,18.6
"557",1795-05-01,31
"558",1795-06-01,17.1
"559",1795-07-01,12.9
"560",1795-08-01,25.7
"561",1795-09-01,13.5
"562",1795-10-01,19.5
"563",1795-11-01,25
"564",1795-12-01,18
"565",1796-01-01,22
"566",1796-02-01,23.8
"567",1796-03-01,15.7
"568",1796-04-01,31.7
"569",1796-05-01,21
"570",1796-06-01,6.7
"571",1796-07-01,26.9
"572",1796-08-01,1.5
"573",1796-09-01,18.4
"574",1796-10-01,11
"575",1796-11-01,8.4
"576",1796-12-01,5.1
"577",1797-01-01,14.4
"578",1797-02-01,4.2
"579",1797-03-01,4
"580",1797-04-01,4
"581",1797-05-01,7.3
"582",1797-06-01,11.1
"583",1797-07-01,4.3
"584",1797-08-01,6
"585",1797-09-01,5.7
"586",1797-10-01,6.9
"587",1797-11-01,5.8
"588",1797-12-01,3
"589",1798-01-01,2
"590",1798-02-01,4
"591",1798-03-01,12.4
"592",1798-04-01,1.1
"593",1798-05-01,0
"594",1798-06-01,0
"595",1798-07-01,0
"596",1798-08-01,3
"597",1798-09-01,2.4
"598",1798-10-01,1.5
"599",1798-11-01,12.5
"600",1798-12-01,9.9
"601",1799-01-01,1.6
"602",1799-02-01,12.6
"603",1799-03-01,21.7
"604",1799-04-01,8.4
"605",1799-05-01,8.2
"606",1799-06-01,10.6
"607",1799-07-01,2.1
"608",1799-08-01,0
"609",1799-09-01,0
"610",1799-10-01,4.6
"611",1799-11-01,2.7
"612",1799-12-01,8.6
"613",1800-01-01,6.9
"614",1800-02-01,9.3
"615",1800-03-01,13.9
"616",1800-04-01,0
"617",1800-05-01,5
"618",1800-06-01,23.7
"619",1800-07-01,21
"620",1800-08-01,19.5
"621",1800-09-01,11.5
"622",1800-10-01,12.3
"623",1800-11-01,10.5
"624",1800-12-01,40.1
"625",1801-01-01,27
"626",1801-02-01,29
"627",1801-03-01,30
"628",1801-04-01,31
"629",1801-05-01,32
"630",1801-06-01,31.2
"631",1801-07-01,35
"632",1801-08-01,38.7
"633",1801-09-01,33.5
"634",1801-10-01,32.6
"635",1801-11-01,39.8
"636",1801-12-01,48.2
"637",1802-01-01,47.8
"638",1802-02-01,47
"639",1802-03-01,40.8
"640",1802-04-01,42
"641",1802-05-01,44
"642",1802-06-01,46
"643",1802-07-01,48
"644",1802-08-01,50
"645",1802-09-01,51.8
"646",1802-10-01,38.5
"647",1802-11-01,34.5
"648",1802-12-01,50
"649",1803-01-01,50
"650",1803-02-01,50.8
"651",1803-03-01,29.5
"652",1803-04-01,25
"653",1803-05-01,44.3
"654",1803-06-01,36
"655",1803-07-01,48.3
"656",1803-08-01,34.1
"657",1803-09-01,45.3
"658",1803-10-01,54.3
"659",1803-11-01,51
"660",1803-12-01,48
"661",1804-01-01,45.3
"662",1804-02-01,48.3
"663",1804-03-01,48
"664",1804-04-01,50.6
"665",1804-05-01,33.4
"666",1804-06-01,34.8
"667",1804-07-01,29.8
"668",1804-08-01,43.1
"669",1804-09-01,53
"670",1804-10-01,62.3
"671",1804-11-01,61
"672",1804-12-01,60
"673",1805-01-01,61
"674",1805-02-01,44.1
"675",1805-03-01,51.4
"676",1805-04-01,37.5
"677",1805-05-01,39
"678",1805-06-01,40.5
"679",1805-07-01,37.6
"680",1805-08-01,42.7
"681",1805-09-01,44.4
"682",1805-10-01,29.4
"683",1805-11-01,41
"684",1805-12-01,38.3
"685",1806-01-01,39
"686",1806-02-01,29.6
"687",1806-03-01,32.7
"688",1806-04-01,27.7
"689",1806-05-01,26.4
"690",1806-06-01,25.6
"691",1806-07-01,30
"692",1806-08-01,26.3
"693",1806-09-01,24
"694",1806-10-01,27
"695",1806-11-01,25
"696",1806-12-01,24
"697",1807-01-01,12
"698",1807-02-01,12.2
"699",1807-03-01,9.6
"700",1807-04-01,23.8
"701",1807-05-01,10
"702",1807-06-01,12
"703",1807-07-01,12.7
"704",1807-08-01,12
"705",1807-09-01,5.7
"706",1807-10-01,8
"707",1807-11-01,2.6
"708",1807-12-01,0
"709",1808-01-01,0
"710",1808-02-01,4.5
"711",1808-03-01,0
"712",1808-04-01,12.3
"713",1808-05-01,13.5
"714",1808-06-01,13.5
"715",1808-07-01,6.7
"716",1808-08-01,8
"717",1808-09-01,11.7
"718",1808-10-01,4.7
"719",1808-11-01,10.5
"720",1808-12-01,12.3
"721",1809-01-01,7.2
"722",1809-02-01,9.2
"723",1809-03-01,0.9
"724",1809-04-01,2.5
"725",1809-05-01,2
"726",1809-06-01,7.7
"727",1809-07-01,0.3
"728",1809-08-01,0.2
"729",1809-09-01,0.4
"730",1809-10-01,0
"731",1809-11-01,0
"732",1809-12-01,0
"733",1810-01-01,0
"734",1810-02-01,0
"735",1810-03-01,0
"736",1810-04-01,0
"737",1810-05-01,0
"738",1810-06-01,0
"739",1810-07-01,0
"740",1810-08-01,0
"741",1810-09-01,0
"742",1810-10-01,0
"743",1810-11-01,0
"744",1810-12-01,0
"745",1811-01-01,0
"746",1811-02-01,0
"747",1811-03-01,0
"748",1811-04-01,0
"749",1811-05-01,0
"750",1811-06-01,0
"751",1811-07-01,6.6
"752",1811-08-01,0
"753",1811-09-01,2.4
"754",1811-10-01,6.1
"755",1811-11-01,0.8
"756",1811-12-01,1.1
"757",1812-01-01,11.3
"758",1812-02-01,1.9
"759",1812-03-01,0.7
"760",1812-04-01,0
"761",1812-05-01,1
"762",1812-06-01,1.3
"763",1812-07-01,0.5
"764",1812-08-01,15.6
"765",1812-09-01,5.2
"766",1812-10-01,3.9
"767",1812-11-01,7.9
"768",1812-12-01,10.1
"769",1813-01-01,0
"770",1813-02-01,10.3
"771",1813-03-01,1.9
"772",1813-04-01,16.6
"773",1813-05-01,5.5
"774",1813-06-01,11.2
"775",1813-07-01,18.3
"776",1813-08-01,8.4
"777",1813-09-01,15.3
"778",1813-10-01,27.8
"779",1813-11-01,16.7
"780",1813-12-01,14.3
"781",1814-01-01,22.2
"782",1814-02-01,12
"783",1814-03-01,5.7
"784",1814-04-01,23.8
"785",1814-05-01,5.8
"786",1814-06-01,14.9
"787",1814-07-01,18.5
"788",1814-08-01,2.3
"789",1814-09-01,8.1
"790",1814-10-01,19.3
"791",1814-11-01,14.5
"792",1814-12-01,20.1
"793",1815-01-01,19.2
"794",1815-02-01,32.2
"795",1815-03-01,26.2
"796",1815-04-01,31.6
"797",1815-05-01,9.8
"798",1815-06-01,55.9
"799",1815-07-01,35.5
"800",1815-08-01,47.2
"801",1815-09-01,31.5
"802",1815-10-01,33.5
"803",1815-11-01,37.2
"804",1815-12-01,65
"805",1816-01-01,26.3
"806",1816-02-01,68.8
"807",1816-03-01,73.7
"808",1816-04-01,58.8
"809",1816-05-01,44.3
"810",1816-06-01,43.6
"811",1816-07-01,38.8
"812",1816-08-01,23.2
"813",1816-09-01,47.8
"814",1816-10-01,56.4
"815",1816-11-01,38.1
"816",1816-12-01,29.9
"817",1817-01-01,36.4
"818",1817-02-01,57.9
"819",1817-03-01,96.2
"820",1817-04-01,26.4
"821",1817-05-01,21.2
"822",1817-06-01,40
"823",1817-07-01,50
"824",1817-08-01,45
"825",1817-09-01,36.7
"826",1817-10-01,25.6
"827",1817-11-01,28.9
"828",1817-12-01,28.4
"829",1818-01-01,34.9
"830",1818-02-01,22.4
"831",1818-03-01,25.4
"832",1818-04-01,34.5
"833",1818-05-01,53.1
"834",1818-06-01,36.4
"835",1818-07-01,28
"836",1818-08-01,31.5
"837",1818-09-01,26.1
"838",1818-10-01,31.7
"839",1818-11-01,10.9
"840",1818-12-01,25.8
"841",1819-01-01,32.5
"842",1819-02-01,20.7
"843",1819-03-01,3.7
"844",1819-04-01,20.2
"845",1819-05-01,19.6
"846",1819-06-01,35
"847",1819-07-01,31.4
"848",1819-08-01,26.1
"849",1819-09-01,14.9
"850",1819-10-01,27.5
"851",1819-11-01,25.1
"852",1819-12-01,30.6
"853",1820-01-01,19.2
"854",1820-02-01,26.6
"855",1820-03-01,4.5
"856",1820-04-01,19.4
"857",1820-05-01,29.3
"858",1820-06-01,10.8
"859",1820-07-01,20.6
"860",1820-08-01,25.9
"861",1820-09-01,5.2
"862",1820-10-01,9
"863",1820-11-01,7.9
"864",1820-12-01,9.7
"865",1821-01-01,21.5
"866",1821-02-01,4.3
"867",1821-03-01,5.7
"868",1821-04-01,9.2
"869",1821-05-01,1.7
"870",1821-06-01,1.8
"871",1821-07-01,2.5
"872",1821-08-01,4.8
"873",1821-09-01,4.4
"874",1821-10-01,18.8
"875",1821-11-01,4.4
"876",1821-12-01,0
"877",1822-01-01,0
"878",1822-02-01,0.9
"879",1822-03-01,16.1
"880",1822-04-01,13.5
"881",1822-05-01,1.5
"882",1822-06-01,5.6
"883",1822-07-01,7.9
"884",1822-08-01,2.1
"885",1822-09-01,0
"886",1822-10-01,0.4
"887",1822-11-01,0
"888",1822-12-01,0
"889",1823-01-01,0
"890",1823-02-01,0
"891",1823-03-01,0.6
"892",1823-04-01,0
"893",1823-05-01,0
"894",1823-06-01,0
"895",1823-07-01,0.5
"896",1823-08-01,0
"897",1823-09-01,0
"898",1823-10-01,0
"899",1823-11-01,0
"900",1823-12-01,20.4
"901",1824-01-01,21.6
"902",1824-02-01,10.8
"903",1824-03-01,0
"904",1824-04-01,19.4
"905",1824-05-01,2.8
"906",1824-06-01,0
"907",1824-07-01,0
"908",1824-08-01,1.4
"909",1824-09-01,20.5
"910",1824-10-01,25.2
"911",1824-11-01,0
"912",1824-12-01,0.8
"913",1825-01-01,5
"914",1825-02-01,15.5
"915",1825-03-01,22.4
"916",1825-04-01,3.8
"917",1825-05-01,15.4
"918",1825-06-01,15.4
"919",1825-07-01,30.9
"920",1825-08-01,25.4
"921",1825-09-01,15.7
"922",1825-10-01,15.6
"923",1825-11-01,11.7
"924",1825-12-01,22
"925",1826-01-01,17.7
"926",1826-02-01,18.2
"927",1826-03-01,36.7
"928",1826-04-01,24
"929",1826-05-01,32.4
"930",1826-06-01,37.1
"931",1826-07-01,52.5
"932",1826-08-01,39.6
"933",1826-09-01,18.9
"934",1826-10-01,50.6
"935",1826-11-01,39.5
"936",1826-12-01,68.1
"937",1827-01-01,34.6
"938",1827-02-01,47.4
"939",1827-03-01,57.8
"940",1827-04-01,46
"941",1827-05-01,56.3
"942",1827-06-01,56.7
"943",1827-07-01,42.9
"944",1827-08-01,53.7
"945",1827-09-01,49.6
"946",1827-10-01,57.2
"947",1827-11-01,48.2
"948",1827-12-01,46.1
"949",1828-01-01,52.8
"950",1828-02-01,64.4
"951",1828-03-01,65
"952",1828-04-01,61.1
"953",1828-05-01,89.1
"954",1828-06-01,98
"955",1828-07-01,54.3
"956",1828-08-01,76.4
"957",1828-09-01,50.4
"958",1828-10-01,54.7
"959",1828-11-01,57
"960",1828-12-01,46.6
"961",1829-01-01,43
"962",1829-02-01,49.4
"963",1829-03-01,72.3
"964",1829-04-01,95
"965",1829-05-01,67.5
"966",1829-06-01,73.9
"967",1829-07-01,90.8
"968",1829-08-01,78.3
"969",1829-09-01,52.8
"970",1829-10-01,57.2
"971",1829-11-01,67.6
"972",1829-12-01,56.5
"973",1830-01-01,52.2
"974",1830-02-01,72.1
"975",1830-03-01,84.6
"976",1830-04-01,107.1
"977",1830-05-01,66.3
"978",1830-06-01,65.1
"979",1830-07-01,43.9
"980",1830-08-01,50.7
"981",1830-09-01,62.1
"982",1830-10-01,84.4
"983",1830-11-01,81.2
"984",1830-12-01,82.1
"985",1831-01-01,47.5
"986",1831-02-01,50.1
"987",1831-03-01,93.4
"988",1831-04-01,54.6
"989",1831-05-01,38.1
"990",1831-06-01,33.4
"991",1831-07-01,45.2
"992",1831-08-01,54.9
"993",1831-09-01,37.9
"994",1831-10-01,46.2
"995",1831-11-01,43.5
"996",1831-12-01,28.9
"997",1832-01-01,30.9
"998",1832-02-01,55.5
"999",1832-03-01,55.1
"1000",1832-04-01,26.9
"1001",1832-05-01,41.3
"1002",1832-06-01,26.7
"1003",1832-07-01,13.9
"1004",1832-08-01,8.9
"1005",1832-09-01,8.2
"1006",1832-10-01,21.1
"1007",1832-11-01,14.3
"1008",1832-12-01,27.5
"1009",1833-01-01,11.3
"1010",1833-02-01,14.9
"1011",1833-03-01,11.8
"1012",1833-04-01,2.8
"1013",1833-05-01,12.9
"1014",1833-06-01,1
"1015",1833-07-01,7
"1016",1833-08-01,5.7
"1017",1833-09-01,11.6
"1018",1833-10-01,7.5
"1019",1833-11-01,5.9
"1020",1833-12-01,9.9
"1021",1834-01-01,4.9
"1022",1834-02-01,18.1
"1023",1834-03-01,3.9
"1024",1834-04-01,1.4
"1025",1834-05-01,8.8
"1026",1834-06-01,7.8
"1027",1834-07-01,8.7
"1028",1834-08-01,4
"1029",1834-09-01,11.5
"1030",1834-10-01,24.8
"1031",1834-11-01,30.5
"1032",1834-12-01,34.5
"1033",1835-01-01,7.5
"1034",1835-02-01,24.5
"1035",1835-03-01,19.7
"1036",1835-04-01,61.5
"1037",1835-05-01,43.6
"1038",1835-06-01,33.2
"1039",1835-07-01,59.8
"1040",1835-08-01,59
"1041",1835-09-01,100.8
"1042",1835-10-01,95.2
"1043",1835-11-01,100
"1044",1835-12-01,77.5
"1045",1836-01-01,88.6
"1046",1836-02-01,107.6
"1047",1836-03-01,98.1
"1048",1836-04-01,142.9
"1049",1836-05-01,111.4
"1050",1836-06-01,124.7
"1051",1836-07-01,116.7
"1052",1836-08-01,107.8
"1053",1836-09-01,95.1
"1054",1836-10-01,137.4
"1055",1836-11-01,120.9
"1056",1836-12-01,206.2
"1057",1837-01-01,188
"1058",1837-02-01,175.6
"1059",1837-03-01,134.6
"1060",1837-04-01,138.2
"1061",1837-05-01,111.3
"1062",1837-06-01,158
"1063",1837-07-01,162.8
"1064",1837-08-01,134
"1065",1837-09-01,96.3
"1066",1837-10-01,123.7
"1067",1837-11-01,107
"1068",1837-12-01,129.8
"1069",1838-01-01,144.9
"1070",1838-02-01,84.8
"1071",1838-03-01,140.8
"1072",1838-04-01,126.6
"1073",1838-05-01,137.6
"1074",1838-06-01,94.5
"1075",1838-07-01,108.2
"1076",1838-08-01,78.8
"1077",1838-09-01,73.6
"1078",1838-10-01,90.8
"1079",1838-11-01,77.4
"1080",1838-12-01,79.8
"1081",1839-01-01,107.6
"1082",1839-02-01,102.5
"1083",1839-03-01,77.7
"1084",1839-04-01,61.8
"1085",1839-05-01,53.8
"1086",1839-06-01,54.6
"1087",1839-07-01,84.7
"1088",1839-08-01,131.2
"1089",1839-09-01,132.7
"1090",1839-10-01,90.8
"1091",1839-11-01,68.8
"1092",1839-12-01,63.6
"1093",1840-01-01,81.2
"1094",1840-02-01,87.7
"1095",1840-03-01,55.5
"1096",1840-04-01,65.9
"1097",1840-05-01,69.2
"1098",1840-06-01,48.5
"1099",1840-07-01,60.7
"1100",1840-08-01,57.8
"1101",1840-09-01,74
"1102",1840-10-01,49.8
"1103",1840-11-01,54.3
"1104",1840-12-01,53.7
"1105",1841-01-01,24
"1106",1841-02-01,29.9
"1107",1841-03-01,29.7
"1108",1841-04-01,42.6
"1109",1841-05-01,67.4
"1110",1841-06-01,55.7
"1111",1841-07-01,30.8
"1112",1841-08-01,39.3
"1113",1841-09-01,35.1
"1114",1841-10-01,28.5
"1115",1841-11-01,19.8
"1116",1841-12-01,38.8
"1117",1842-01-01,20.4
"1118",1842-02-01,22.1
"1119",1842-03-01,21.7
"1120",1842-04-01,26.9
"1121",1842-05-01,24.9
"1122",1842-06-01,20.5
"1123",1842-07-01,12.6
"1124",1842-08-01,26.5
"1125",1842-09-01,18.5
"1126",1842-10-01,38.1
"1127",1842-11-01,40.5
"1128",1842-12-01,17.6
"1129",1843-01-01,13.3
"1130",1843-02-01,3.5
"1131",1843-03-01,8.3
"1132",1843-04-01,8.8
"1133",1843-05-01,21.1
"1134",1843-06-01,10.5
"1135",1843-07-01,9.5
"1136",1843-08-01,11.8
"1137",1843-09-01,4.2
"1138",1843-10-01,5.3
"1139",1843-11-01,19.1
"1140",1843-12-01,12.7
"1141",1844-01-01,9.4
"1142",1844-02-01,14.7
"1143",1844-03-01,13.6
"1144",1844-04-01,20.8
"1145",1844-05-01,12
"1146",1844-06-01,3.7
"1147",1844-07-01,21.2
"1148",1844-08-01,23.9
"1149",1844-09-01,6.9
"1150",1844-10-01,21.5
"1151",1844-11-01,10.7
"1152",1844-12-01,21.6
"1153",1845-01-01,25.7
"1154",1845-02-01,43.6
"1155",1845-03-01,43.3
"1156",1845-04-01,56.9
"1157",1845-05-01,47.8
"1158",1845-06-01,31.1
"1159",1845-07-01,30.6
"1160",1845-08-01,32.3
"1161",1845-09-01,29.6
"1162",1845-10-01,40.7
"1163",1845-11-01,39.4
"1164",1845-12-01,59.7
"1165",1846-01-01,38.7
"1166",1846-02-01,51
"1167",1846-03-01,63.9
"1168",1846-04-01,69.2
"1169",1846-05-01,59.9
"1170",1846-06-01,65.1
"1171",1846-07-01,46.5
"1172",1846-08-01,54.8
"1173",1846-09-01,107.1
"1174",1846-10-01,55.9
"1175",1846-11-01,60.4
"1176",1846-12-01,65.5
"1177",1847-01-01,62.6
"1178",1847-02-01,44.9
"1179",1847-03-01,85.7
"1180",1847-04-01,44.7
"1181",1847-05-01,75.4
"1182",1847-06-01,85.3
"1183",1847-07-01,52.2
"1184",1847-08-01,140.6
"1185",1847-09-01,161.2
"1186",1847-10-01,180.4
"1187",1847-11-01,138.9
"1188",1847-12-01,109.6
"1189",1848-01-01,159.1
"1190",1848-02-01,111.8
"1191",1848-03-01,108.9
"1192",1848-04-01,107.1
"1193",1848-05-01,102.2
"1194",1848-06-01,123.8
"1195",1848-07-01,139.2
"1196",1848-08-01,132.5
"1197",1848-09-01,100.3
"1198",1848-10-01,132.4
"1199",1848-11-01,114.6
"1200",1848-12-01,159.9
"1201",1849-01-01,156.7
"1202",1849-02-01,131.7
"1203",1849-03-01,96.5
"1204",1849-04-01,102.5
"1205",1849-05-01,80.6
"1206",1849-06-01,81.2
"1207",1849-07-01,78
"1208",1849-08-01,61.3
"1209",1849-09-01,93.7
"1210",1849-10-01,71.5
"1211",1849-11-01,99.7
"1212",1849-12-01,97
"1213",1850-01-01,78
"1214",1850-02-01,89.4
"1215",1850-03-01,82.6
"1216",1850-04-01,44.1
"1217",1850-05-01,61.6
"1218",1850-06-01,70
"1219",1850-07-01,39.1
"1220",1850-08-01,61.6
"1221",1850-09-01,86.2
"1222",1850-10-01,71
"1223",1850-11-01,54.8
"1224",1850-12-01,60
"1225",1851-01-01,75.5
"1226",1851-02-01,105.4
"1227",1851-03-01,64.6
"1228",1851-04-01,56.5
"1229",1851-05-01,62.6
"1230",1851-06-01,63.2
"1231",1851-07-01,36.1
"1232",1851-08-01,57.4
"1233",1851-09-01,67.9
"1234",1851-10-01,62.5
"1235",1851-11-01,50.9
"1236",1851-12-01,71.4
"1237",1852-01-01,68.4
"1238",1852-02-01,67.5
"1239",1852-03-01,61.2
"1240",1852-04-01,65.4
"1241",1852-05-01,54.9
"1242",1852-06-01,46.9
"1243",1852-07-01,42
"1244",1852-08-01,39.7
"1245",1852-09-01,37.5
"1246",1852-10-01,67.3
"1247",1852-11-01,54.3
"1248",1852-12-01,45.4
"1249",1853-01-01,41.1
"1250",1853-02-01,42.9
"1251",1853-03-01,37.7
"1252",1853-04-01,47.6
"1253",1853-05-01,34.7
"1254",1853-06-01,40
"1255",1853-07-01,45.9
"1256",1853-08-01,50.4
"1257",1853-09-01,33.5
"1258",1853-10-01,42.3
"1259",1853-11-01,28.8
"1260",1853-12-01,23.4
"1261",1854-01-01,15.4
"1262",1854-02-01,20
"1263",1854-03-01,20.7
"1264",1854-04-01,26.4
"1265",1854-05-01,24
"1266",1854-06-01,21.1
"1267",1854-07-01,18.7
"1268",1854-08-01,15.8
"1269",1854-09-01,22.4
"1270",1854-10-01,12.7
"1271",1854-11-01,28.2
"1272",1854-12-01,21.4
"1273",1855-01-01,12.3
"1274",1855-02-01,11.4
"1275",1855-03-01,17.4
"1276",1855-04-01,4.4
"1277",1855-05-01,9.1
"1278",1855-06-01,5.3
"1279",1855-07-01,0.4
"1280",1855-08-01,3.1
"1281",1855-09-01,0
"1282",1855-10-01,9.7
"1283",1855-11-01,4.3
"1284",1855-12-01,3.1
"1285",1856-01-01,0.5
"1286",1856-02-01,4.9
"1287",1856-03-01,0.4
"1288",1856-04-01,6.5
"1289",1856-05-01,0
"1290",1856-06-01,5
"1291",1856-07-01,4.6
"1292",1856-08-01,5.9
"1293",1856-09-01,4.4
"1294",1856-10-01,4.5
"1295",1856-11-01,7.7
"1296",1856-12-01,7.2
"1297",1857-01-01,13.7
"1298",1857-02-01,7.4
"1299",1857-03-01,5.2
"1300",1857-04-01,11.1
"1301",1857-05-01,29.2
"1302",1857-06-01,16
"1303",1857-07-01,22.2
"1304",1857-08-01,16.9
"1305",1857-09-01,42.4
"1306",1857-10-01,40.6
"1307",1857-11-01,31.4
"1308",1857-12-01,37.2
"1309",1858-01-01,39
"1310",1858-02-01,34.9
"1311",1858-03-01,57.5
"1312",1858-04-01,38.3
"1313",1858-05-01,41.4
"1314",1858-06-01,44.5
"1315",1858-07-01,56.7
"1316",1858-08-01,55.3
"1317",1858-09-01,80.1
"1318",1858-10-01,91.2
"1319",1858-11-01,51.9
"1320",1858-12-01,66.9
"1321",1859-01-01,83.7
"1322",1859-02-01,87.6
"1323",1859-03-01,90.3
"1324",1859-04-01,85.7
"1325",1859-05-01,91
"1326",1859-06-01,87.1
"1327",1859-07-01,95.2
"1328",1859-08-01,106.8
"1329",1859-09-01,105.8
"1330",1859-10-01,114.6
"1331",1859-11-01,97.2
"1332",1859-12-01,81
"1333",1860-01-01,81.5
"1334",1860-02-01,88
"1335",1860-03-01,98.9
"1336",1860-04-01,71.4
"1337",1860-05-01,107.1
"1338",1860-06-01,108.6
"1339",1860-07-01,116.7
"1340",1860-08-01,100.3
"1341",1860-09-01,92.2
"1342",1860-10-01,90.1
"1343",1860-11-01,97.9
"1344",1860-12-01,95.6
"1345",1861-01-01,62.3
"1346",1861-02-01,77.8
"1347",1861-03-01,101
"1348",1861-04-01,98.5
"1349",1861-05-01,56.8
"1350",1861-06-01,87.8
"1351",1861-07-01,78
"1352",1861-08-01,82.5
"1353",1861-09-01,79.9
"1354",1861-10-01,67.2
"1355",1861-11-01,53.7
"1356",1861-12-01,80.5
"1357",1862-01-01,63.1
"1358",1862-02-01,64.5
"1359",1862-03-01,43.6
"1360",1862-04-01,53.7
"1361",1862-05-01,64.4
"1362",1862-06-01,84
"1363",1862-07-01,73.4
"1364",1862-08-01,62.5
"1365",1862-09-01,66.6
"1366",1862-10-01,42
"1367",1862-11-01,50.6
"1368",1862-12-01,40.9
"1369",1863-01-01,48.3
"1370",1863-02-01,56.7
"1371",1863-03-01,66.4
"1372",1863-04-01,40.6
"1373",1863-05-01,53.8
"1374",1863-06-01,40.8
"1375",1863-07-01,32.7
"1376",1863-08-01,48.1
"1377",1863-09-01,22
"1378",1863-10-01,39.9
"1379",1863-11-01,37.7
"1380",1863-12-01,41.2
"1381",1864-01-01,57.7
"1382",1864-02-01,47.1
"1383",1864-03-01,66.3
"1384",1864-04-01,35.8
"1385",1864-05-01,40.6
"1386",1864-06-01,57.8
"1387",1864-07-01,54.7
"1388",1864-08-01,54.8
"1389",1864-09-01,28.5
"1390",1864-10-01,33.9
"1391",1864-11-01,57.6
"1392",1864-12-01,28.6
"1393",1865-01-01,48.7
"1394",1865-02-01,39.3
"1395",1865-03-01,39.5
"1396",1865-04-01,29.4
"1397",1865-05-01,34.5
"1398",1865-06-01,33.6
"1399",1865-07-01,26.8
"1400",1865-08-01,37.8
"1401",1865-09-01,21.6
"1402",1865-10-01,17.1
"1403",1865-11-01,24.6
"1404",1865-12-01,12.8
"1405",1866-01-01,31.6
"1406",1866-02-01,38.4
"1407",1866-03-01,24.6
"1408",1866-04-01,17.6
"1409",1866-05-01,12.9
"1410",1866-06-01,16.5
"1411",1866-07-01,9.3
"1412",1866-08-01,12.7
"1413",1866-09-01,7.3
"1414",1866-10-01,14.1
"1415",1866-11-01,9
"1416",1866-12-01,1.5
"1417",1867-01-01,0
"1418",1867-02-01,0.7
"1419",1867-03-01,9.2
"1420",1867-04-01,5.1
"1421",1867-05-01,2.9
"1422",1867-06-01,1.5
"1423",1867-07-01,5
"1424",1867-08-01,4.9
"1425",1867-09-01,9.8
"1426",1867-10-01,13.5
"1427",1867-11-01,9.3
"1428",1867-12-01,25.2
"1429",1868-01-01,15.6
"1430",1868-02-01,15.8
"1431",1868-03-01,26.5
"1432",1868-04-01,36.6
"1433",1868-05-01,26.7
"1434",1868-06-01,31.1
"1435",1868-07-01,28.6
"1436",1868-08-01,34.4
"1437",1868-09-01,43.8
"1438",1868-10-01,61.7
"1439",1868-11-01,59.1
"1440",1868-12-01,67.6
"1441",1869-01-01,60.9
"1442",1869-02-01,59.3
"1443",1869-03-01,52.7
"1444",1869-04-01,41
"1445",1869-05-01,104
"1446",1869-06-01,108.4
"1447",1869-07-01,59.2
"1448",1869-08-01,79.6
"1449",1869-09-01,80.6
"1450",1869-10-01,59.4
"1451",1869-11-01,77.4
"1452",1869-12-01,104.3
"1453",1870-01-01,77.3
"1454",1870-02-01,114.9
"1455",1870-03-01,159.4
"1456",1870-04-01,160
"1457",1870-05-01,176
"1458",1870-06-01,135.6
"1459",1870-07-01,132.4
"1460",1870-08-01,153.8
"1461",1870-09-01,136
"1462",1870-10-01,146.4
"1463",1870-11-01,147.5
"1464",1870-12-01,130
"1465",1871-01-01,88.3
"1466",1871-02-01,125.3
"1467",1871-03-01,143.2
"1468",1871-04-01,162.4
"1469",1871-05-01,145.5
"1470",1871-06-01,91.7
"1471",1871-07-01,103
"1472",1871-08-01,110
"1473",1871-09-01,80.3
"1474",1871-10-01,89
"1475",1871-11-01,105.4
"1476",1871-12-01,90.3
"1477",1872-01-01,79.5
"1478",1872-02-01,120.1
"1479",1872-03-01,88.4
"1480",1872-04-01,102.1
"1481",1872-05-01,107.6
"1482",1872-06-01,109.9
"1483",1872-07-01,105.5
"1484",1872-08-01,92.9
"1485",1872-09-01,114.6
"1486",1872-10-01,103.5
"1487",1872-11-01,112
"1488",1872-12-01,83.9
"1489",1873-01-01,86.7
"1490",1873-02-01,107
"1491",1873-03-01,98.3
"1492",1873-04-01,76.2
"1493",1873-05-01,47.9
"1494",1873-06-01,44.8
"1495",1873-07-01,66.9
"1496",1873-08-01,68.2
"1497",1873-09-01,47.5
"1498",1873-10-01,47.4
"1499",1873-11-01,55.4
"1500",1873-12-01,49.2
"1501",1874-01-01,60.8
"1502",1874-02-01,64.2
"1503",1874-03-01,46.4
"1504",1874-04-01,32
"1505",1874-05-01,44.6
"1506",1874-06-01,38.2
"1507",1874-07-01,67.8
"1508",1874-08-01,61.3
"1509",1874-09-01,28
"1510",1874-10-01,34.3
"1511",1874-11-01,28.9
"1512",1874-12-01,29.3
"1513",1875-01-01,14.6
"1514",1875-02-01,22.2
"1515",1875-03-01,33.8
"1516",1875-04-01,29.1
"1517",1875-05-01,11.5
"1518",1875-06-01,23.9
"1519",1875-07-01,12.5
"1520",1875-08-01,14.6
"1521",1875-09-01,2.4
"1522",1875-10-01,12.7
"1523",1875-11-01,17.7
"1524",1875-12-01,9.9
"1525",1876-01-01,14.3
"1526",1876-02-01,15
"1527",1876-03-01,31.2
"1528",1876-04-01,2.3
"1529",1876-05-01,5.1
"1530",1876-06-01,1.6
"1531",1876-07-01,15.2
"1532",1876-08-01,8.8
"1533",1876-09-01,9.9
"1534",1876-10-01,14.3
"1535",1876-11-01,9.9
"1536",1876-12-01,8.2
"1537",1877-01-01,24.4
"1538",1877-02-01,8.7
"1539",1877-03-01,11.7
"1540",1877-04-01,15.8
"1541",1877-05-01,21.2
"1542",1877-06-01,13.4
"1543",1877-07-01,5.9
"1544",1877-08-01,6.3
"1545",1877-09-01,16.4
"1546",1877-10-01,6.7
"1547",1877-11-01,14.5
"1548",1877-12-01,2.3
"1549",1878-01-01,3.3
"1550",1878-02-01,6
"1551",1878-03-01,7.8
"1552",1878-04-01,0.1
"1553",1878-05-01,5.8
"1554",1878-06-01,6.4
"1555",1878-07-01,0.1
"1556",1878-08-01,0
"1557",1878-09-01,5.3
"1558",1878-10-01,1.1
"1559",1878-11-01,4.1
"1560",1878-12-01,0.5
"1561",1879-01-01,0.8
"1562",1879-02-01,0.6
"1563",1879-03-01,0
"1564",1879-04-01,6.2
"1565",1879-05-01,2.4
"1566",1879-06-01,4.8
"1567",1879-07-01,7.5
"1568",1879-08-01,10.7
"1569",1879-09-01,6.1
"1570",1879-10-01,12.3
"1571",1879-11-01,12.9
"1572",1879-12-01,7.2
"1573",1880-01-01,24
"1574",1880-02-01,27.5
"1575",1880-03-01,19.5
"1576",1880-04-01,19.3
"1577",1880-05-01,23.5
"1578",1880-06-01,34.1
"1579",1880-07-01,21.9
"1580",1880-08-01,48.1
"1581",1880-09-01,66
"1582",1880-10-01,43
"1583",1880-11-01,30.7
"1584",1880-12-01,29.6
"1585",1881-01-01,36.4
"1586",1881-02-01,53.2
"1587",1881-03-01,51.5
"1588",1881-04-01,51.7
"1589",1881-05-01,43.5
"1590",1881-06-01,60.5
"1591",1881-07-01,76.9
"1592",1881-08-01,58
"1593",1881-09-01,53.2
"1594",1881-10-01,64
"1595",1881-11-01,54.8
"1596",1881-12-01,47.3
"1597",1882-01-01,45
"1598",1882-02-01,69.3
"1599",1882-03-01,67.5
"1600",1882-04-01,95.8
"1601",1882-05-01,64.1
"1602",1882-06-01,45.2
"1603",1882-07-01,45.4
"1604",1882-08-01,40.4
"1605",1882-09-01,57.7
"1606",1882-10-01,59.2
"1607",1882-11-01,84.4
"1608",1882-12-01,41.8
"1609",1883-01-01,60.6
"1610",1883-02-01,46.9
"1611",1883-03-01,42.8
"1612",1883-04-01,82.1
"1613",1883-05-01,32.1
"1614",1883-06-01,76.5
"1615",1883-07-01,80.6
"1616",1883-08-01,46
"1617",1883-09-01,52.6
"1618",1883-10-01,83.8
"1619",1883-11-01,84.5
"1620",1883-12-01,75.9
"1621",1884-01-01,91.5
"1622",1884-02-01,86.9
"1623",1884-03-01,86.8
"1624",1884-04-01,76.1
"1625",1884-05-01,66.5
"1626",1884-06-01,51.2
"1627",1884-07-01,53.1
"1628",1884-08-01,55.8
"1629",1884-09-01,61.9
"1630",1884-10-01,47.8
"1631",1884-11-01,36.6
"1632",1884-12-01,47.2
"1633",1885-01-01,42.8
"1634",1885-02-01,71.8
"1635",1885-03-01,49.8
"1636",1885-04-01,55
"1637",1885-05-01,73
"1638",1885-06-01,83.7
"1639",1885-07-01,66.5
"1640",1885-08-01,50
"1641",1885-09-01,39.6
"1642",1885-10-01,38.7
"1643",1885-11-01,33.3
"1644",1885-12-01,21.7
"1645",1886-01-01,29.9
"1646",1886-02-01,25.9
"1647",1886-03-01,57.3
"1648",1886-04-01,43.7
"1649",1886-05-01,30.7
"1650",1886-06-01,27.1
"1651",1886-07-01,30.3
"1652",1886-08-01,16.9
"1653",1886-09-01,21.4
"1654",1886-10-01,8.6
"1655",1886-11-01,0.3
"1656",1886-12-01,12.4
"1657",1887-01-01,10.3
"1658",1887-02-01,13.2
"1659",1887-03-01,4.2
"1660",1887-04-01,6.9
"1661",1887-05-01,20
"1662",1887-06-01,15.7
"1663",1887-07-01,23.3
"1664",1887-08-01,21.4
"1665",1887-09-01,7.4
"1666",1887-10-01,6.6
"1667",1887-11-01,6.9
"1668",1887-12-01,20.7
"1669",1888-01-01,12.7
"1670",1888-02-01,7.1
"1671",1888-03-01,7.8
"1672",1888-04-01,5.1
"1673",1888-05-01,7
"1674",1888-06-01,7.1
"1675",1888-07-01,3.1
"1676",1888-08-01,2.8
"1677",1888-09-01,8.8
"1678",1888-10-01,2.1
"1679",1888-11-01,10.7
"1680",1888-12-01,6.7
"1681",1889-01-01,0.8
"1682",1889-02-01,8.5
"1683",1889-03-01,7
"1684",1889-04-01,4.3
"1685",1889-05-01,2.4
"1686",1889-06-01,6.4
"1687",1889-07-01,9.7
"1688",1889-08-01,20.6
"1689",1889-09-01,6.5
"1690",1889-10-01,2.1
"1691",1889-11-01,0.2
"1692",1889-12-01,6.7
"1693",1890-01-01,5.3
"1694",1890-02-01,0.6
"1695",1890-03-01,5.1
"1696",1890-04-01,1.6
"1697",1890-05-01,4.8
"1698",1890-06-01,1.3
"1699",1890-07-01,11.6
"1700",1890-08-01,8.5
"1701",1890-09-01,17.2
"1702",1890-10-01,11.2
"1703",1890-11-01,9.6
"1704",1890-12-01,7.8
"1705",1891-01-01,13.5
"1706",1891-02-01,22.2
"1707",1891-03-01,10.4
"1708",1891-04-01,20.5
"1709",1891-05-01,41.1
"1710",1891-06-01,48.3
"1711",1891-07-01,58.8
"1712",1891-08-01,33.2
"1713",1891-09-01,53.8
"1714",1891-10-01,51.5
"1715",1891-11-01,41.9
"1716",1891-12-01,32.3
"1717",1892-01-01,69.1
"1718",1892-02-01,75.6
"1719",1892-03-01,49.9
"1720",1892-04-01,69.6
"1721",1892-05-01,79.6
"1722",1892-06-01,76.3
"1723",1892-07-01,76.8
"1724",1892-08-01,101.4
"1725",1892-09-01,62.8
"1726",1892-10-01,70.5
"1727",1892-11-01,65.4
"1728",1892-12-01,78.6
"1729",1893-01-01,75
"1730",1893-02-01,73
"1731",1893-03-01,65.7
"1732",1893-04-01,88.1
"1733",1893-05-01,84.7
"1734",1893-06-01,88.2
"1735",1893-07-01,88.8
"1736",1893-08-01,129.2
"1737",1893-09-01,77.9
"1738",1893-10-01,79.7
"1739",1893-11-01,75.1
"1740",1893-12-01,93.8
"1741",1894-01-01,83.2
"1742",1894-02-01,84.6
"1743",1894-03-01,52.3
"1744",1894-04-01,81.6
"1745",1894-05-01,101.2
"1746",1894-06-01,98.9
"1747",1894-07-01,106
"1748",1894-08-01,70.3
"1749",1894-09-01,65.9
"1750",1894-10-01,75.5
"1751",1894-11-01,56.6
"1752",1894-12-01,60
"1753",1895-01-01,63.3
"1754",1895-02-01,67.2
"1755",1895-03-01,61
"1756",1895-04-01,76.9
"1757",1895-05-01,67.5
"1758",1895-06-01,71.5
"1759",1895-07-01,47.8
"1760",1895-08-01,68.9
"1761",1895-09-01,57.7
"1762",1895-10-01,67.9
"1763",1895-11-01,47.2
"1764",1895-12-01,70.7
"1765",1896-01-01,29
"1766",1896-02-01,57.4
"1767",1896-03-01,52
"1768",1896-04-01,43.8
"1769",1896-05-01,27.7
"1770",1896-06-01,49
"1771",1896-07-01,45
"1772",1896-08-01,27.2
"1773",1896-09-01,61.3
"1774",1896-10-01,28.4
"1775",1896-11-01,38
"1776",1896-12-01,42.6
"1777",1897-01-01,40.6
"1778",1897-02-01,29.4
"1779",1897-03-01,29.1
"1780",1897-04-01,31
"1781",1897-05-01,20
"1782",1897-06-01,11.3
"1783",1897-07-01,27.6
"1784",1897-08-01,21.8
"1785",1897-09-01,48.1
"1786",1897-10-01,14.3
"1787",1897-11-01,8.4
"1788",1897-12-01,33.3
"1789",1898-01-01,30.2
"1790",1898-02-01,36.4
"1791",1898-03-01,38.3
"1792",1898-04-01,14.5
"1793",1898-05-01,25.8
"1794",1898-06-01,22.3
"1795",1898-07-01,9
"1796",1898-08-01,31.4
"1797",1898-09-01,34.8
"1798",1898-10-01,34.4
"1799",1898-11-01,30.9
"1800",1898-12-01,12.6
"1801",1899-01-01,19.5
"1802",1899-02-01,9.2
"1803",1899-03-01,18.1
"1804",1899-04-01,14.2
"1805",1899-05-01,7.7
"1806",1899-06-01,20.5
"1807",1899-07-01,13.5
"1808",1899-08-01,2.9
"1809",1899-09-01,8.4
"1810",1899-10-01,13
"1811",1899-11-01,7.8
"1812",1899-12-01,10.5
"1813",1900-01-01,9.4
"1814",1900-02-01,13.6
"1815",1900-03-01,8.6
"1816",1900-04-01,16
"1817",1900-05-01,15.2
"1818",1900-06-01,12.1
"1819",1900-07-01,8.3
"1820",1900-08-01,4.3
"1821",1900-09-01,8.3
"1822",1900-10-01,12.9
"1823",1900-11-01,4.5
"1824",1900-12-01,0.3
"1825",1901-01-01,0.2
"1826",1901-02-01,2.4
"1827",1901-03-01,4.5
"1828",1901-04-01,0
"1829",1901-05-01,10.2
"1830",1901-06-01,5.8
"1831",1901-07-01,0.7
"1832",1901-08-01,1
"1833",1901-09-01,0.6
"1834",1901-10-01,3.7
"1835",1901-11-01,3.8
"1836",1901-12-01,0
"1837",1902-01-01,5.2
"1838",1902-02-01,0
"1839",1902-03-01,12.4
"1840",1902-04-01,0
"1841",1902-05-01,2.8
"1842",1902-06-01,1.4
"1843",1902-07-01,0.9
"1844",1902-08-01,2.3
"1845",1902-09-01,7.6
"1846",1902-10-01,16.3
"1847",1902-11-01,10.3
"1848",1902-12-01,1.1
"1849",1903-01-01,8.3
"1850",1903-02-01,17
"1851",1903-03-01,13.5
"1852",1903-04-01,26.1
"1853",1903-05-01,14.6
"1854",1903-06-01,16.3
"1855",1903-07-01,27.9
"1856",1903-08-01,28.8
"1857",1903-09-01,11.1
"1858",1903-10-01,38.9
"1859",1903-11-01,44.5
"1860",1903-12-01,45.6
"1861",1904-01-01,31.6
"1862",1904-02-01,24.5
"1863",1904-03-01,37.2
"1864",1904-04-01,43
"1865",1904-05-01,39.5
"1866",1904-06-01,41.9
"1867",1904-07-01,50.6
"1868",1904-08-01,58.2
"1869",1904-09-01,30.1
"1870",1904-10-01,54.2
"1871",1904-11-01,38
"1872",1904-12-01,54.6
"1873",1905-01-01,54.8
"1874",1905-02-01,85.8
"1875",1905-03-01,56.5
"1876",1905-04-01,39.3
"1877",1905-05-01,48
"1878",1905-06-01,49
"1879",1905-07-01,73
"1880",1905-08-01,58.8
"1881",1905-09-01,55
"1882",1905-10-01,78.7
"1883",1905-11-01,107.2
"1884",1905-12-01,55.5
"1885",1906-01-01,45.5
"1886",1906-02-01,31.3
"1887",1906-03-01,64.5
"1888",1906-04-01,55.3
"1889",1906-05-01,57.7
"1890",1906-06-01,63.2
"1891",1906-07-01,103.6
"1892",1906-08-01,47.7
"1893",1906-09-01,56.1
"1894",1906-10-01,17.8
"1895",1906-11-01,38.9
"1896",1906-12-01,64.7
"1897",1907-01-01,76.4
"1898",1907-02-01,108.2
"1899",1907-03-01,60.7
"1900",1907-04-01,52.6
"1901",1907-05-01,42.9
"1902",1907-06-01,40.4
"1903",1907-07-01,49.7
"1904",1907-08-01,54.3
"1905",1907-09-01,85
"1906",1907-10-01,65.4
"1907",1907-11-01,61.5
"1908",1907-12-01,47.3
"1909",1908-01-01,39.2
"1910",1908-02-01,33.9
"1911",1908-03-01,28.7
"1912",1908-04-01,57.6
"1913",1908-05-01,40.8
"1914",1908-06-01,48.1
"1915",1908-07-01,39.5
"1916",1908-08-01,90.5
"1917",1908-09-01,86.9
"1918",1908-10-01,32.3
"1919",1908-11-01,45.5
"1920",1908-12-01,39.5
"1921",1909-01-01,56.7
"1922",1909-02-01,46.6
"1923",1909-03-01,66.3
"1924",1909-04-01,32.3
"1925",1909-05-01,36
"1926",1909-06-01,22.6
"1927",1909-07-01,35.8
"1928",1909-08-01,23.1
"1929",1909-09-01,38.8
"1930",1909-10-01,58.4
"1931",1909-11-01,55.8
"1932",1909-12-01,54.2
"1933",1910-01-01,26.4
"1934",1910-02-01,31.5
"1935",1910-03-01,21.4
"1936",1910-04-01,8.4
"1937",1910-05-01,22.2
"1938",1910-06-01,12.3
"1939",1910-07-01,14.1
"1940",1910-08-01,11.5
"1941",1910-09-01,26.2
"1942",1910-10-01,38.3
"1943",1910-11-01,4.9
"1944",1910-12-01,5.8
"1945",1911-01-01,3.4
"1946",1911-02-01,9
"1947",1911-03-01,7.8
"1948",1911-04-01,16.5
"1949",1911-05-01,9
"1950",1911-06-01,2.2
"1951",1911-07-01,3.5
"1952",1911-08-01,4
"1953",1911-09-01,4
"1954",1911-10-01,2.6
"1955",1911-11-01,4.2
"1956",1911-12-01,2.2
"1957",1912-01-01,0.3
"1958",1912-02-01,0
"1959",1912-03-01,4.9
"1960",1912-04-01,4.5
"1961",1912-05-01,4.4
"1962",1912-06-01,4.1
"1963",1912-07-01,3
"1964",1912-08-01,0.3
"1965",1912-09-01,9.5
"1966",1912-10-01,4.6
"1967",1912-11-01,1.1
"1968",1912-12-01,6.4
"1969",1913-01-01,2.3
"1970",1913-02-01,2.9
"1971",1913-03-01,0.5
"1972",1913-04-01,0.9
"1973",1913-05-01,0
"1974",1913-06-01,0
"1975",1913-07-01,1.7
"1976",1913-08-01,0.2
"1977",1913-09-01,1.2
"1978",1913-10-01,3.1
"1979",1913-11-01,0.7
"1980",1913-12-01,3.8
"1981",1914-01-01,2.8
"1982",1914-02-01,2.6
"1983",1914-03-01,3.1
"1984",1914-04-01,17.3
"1985",1914-05-01,5.2
"1986",1914-06-01,11.4
"1987",1914-07-01,5.4
"1988",1914-08-01,7.7
"1989",1914-09-01,12.7
"1990",1914-10-01,8.2
"1991",1914-11-01,16.4
"1992",1914-12-01,22.3
"1993",1915-01-01,23
"1994",1915-02-01,42.3
"1995",1915-03-01,38.8
"1996",1915-04-01,41.3
"1997",1915-05-01,33
"1998",1915-06-01,68.8
"1999",1915-07-01,71.6
"2000",1915-08-01,69.6
"2001",1915-09-01,49.5
"2002",1915-10-01,53.5
"2003",1915-11-01,42.5
"2004",1915-12-01,34.5
"2005",1916-01-01,45.3
"2006",1916-02-01,55.4
"2007",1916-03-01,67
"2008",1916-04-01,71.8
"2009",1916-05-01,74.5
"2010",1916-06-01,67.7
"2011",1916-07-01,53.5
"2012",1916-08-01,35.2
"2013",1916-09-01,45.1
"2014",1916-10-01,50.7
"2015",1916-11-01,65.6
"2016",1916-12-01,53
"2017",1917-01-01,74.7
"2018",1917-02-01,71.9
"2019",1917-03-01,94.8
"2020",1917-04-01,74.7
"2021",1917-05-01,114.1
"2022",1917-06-01,114.9
"2023",1917-07-01,119.8
"2024",1917-08-01,154.5
"2025",1917-09-01,129.4
"2026",1917-10-01,72.2
"2027",1917-11-01,96.4
"2028",1917-12-01,129.3
"2029",1918-01-01,96
"2030",1918-02-01,65.3
"2031",1918-03-01,72.2
"2032",1918-04-01,80.5
"2033",1918-05-01,76.7
"2034",1918-06-01,59.4
"2035",1918-07-01,107.6
"2036",1918-08-01,101.7
"2037",1918-09-01,79.9
"2038",1918-10-01,85
"2039",1918-11-01,83.4
"2040",1918-12-01,59.2
"2041",1919-01-01,48.1
"2042",1919-02-01,79.5
"2043",1919-03-01,66.5
"2044",1919-04-01,51.8
"2045",1919-05-01,88.1
"2046",1919-06-01,111.2
"2047",1919-07-01,64.7
"2048",1919-08-01,69
"2049",1919-09-01,54.7
"2050",1919-10-01,52.8
"2051",1919-11-01,42
"2052",1919-12-01,34.9
"2053",1920-01-01,51.1
"2054",1920-02-01,53.9
"2055",1920-03-01,70.2
"2056",1920-04-01,14.8
"2057",1920-05-01,33.3
"2058",1920-06-01,38.7
"2059",1920-07-01,27.5
"2060",1920-08-01,19.2
"2061",1920-09-01,36.3
"2062",1920-10-01,49.6
"2063",1920-11-01,27.2
"2064",1920-12-01,29.9
"2065",1921-01-01,31.5
"2066",1921-02-01,28.3
"2067",1921-03-01,26.7
"2068",1921-04-01,32.4
"2069",1921-05-01,22.2
"2070",1921-06-01,33.7
"2071",1921-07-01,41.9
"2072",1921-08-01,22.8
"2073",1921-09-01,17.8
"2074",1921-10-01,18.2
"2075",1921-11-01,17.8
"2076",1921-12-01,20.3
"2077",1922-01-01,11.8
"2078",1922-02-01,26.4
"2079",1922-03-01,54.7
"2080",1922-04-01,11
"2081",1922-05-01,8
"2082",1922-06-01,5.8
"2083",1922-07-01,10.9
"2084",1922-08-01,6.5
"2085",1922-09-01,4.7
"2086",1922-10-01,6.2
"2087",1922-11-01,7.4
"2088",1922-12-01,17.5
"2089",1923-01-01,4.5
"2090",1923-02-01,1.5
"2091",1923-03-01,3.3
"2092",1923-04-01,6.1
"2093",1923-05-01,3.2
"2094",1923-06-01,9.1
"2095",1923-07-01,3.5
"2096",1923-08-01,0.5
"2097",1923-09-01,13.2
"2098",1923-10-01,11.6
"2099",1923-11-01,10
"2100",1923-12-01,2.8
"2101",1924-01-01,0.5
"2102",1924-02-01,5.1
"2103",1924-03-01,1.8
"2104",1924-04-01,11.3
"2105",1924-05-01,20.8
"2106",1924-06-01,24
"2107",1924-07-01,28.1
"2108",1924-08-01,19.3
"2109",1924-09-01,25.1
"2110",1924-10-01,25.6
"2111",1924-11-01,22.5
"2112",1924-12-01,16.5
"2113",1925-01-01,5.5
"2114",1925-02-01,23.2
"2115",1925-03-01,18
"2116",1925-04-01,31.7
"2117",1925-05-01,42.8
"2118",1925-06-01,47.5
"2119",1925-07-01,38.5
"2120",1925-08-01,37.9
"2121",1925-09-01,60.2
"2122",1925-10-01,69.2
"2123",1925-11-01,58.6
"2124",1925-12-01,98.6
"2125",1926-01-01,71.8
"2126",1926-02-01,70
"2127",1926-03-01,62.5
"2128",1926-04-01,38.5
"2129",1926-05-01,64.3
"2130",1926-06-01,73.5
"2131",1926-07-01,52.3
"2132",1926-08-01,61.6
"2133",1926-09-01,60.8
"2134",1926-10-01,71.5
"2135",1926-11-01,60.5
"2136",1926-12-01,79.4
"2137",1927-01-01,81.6
"2138",1927-02-01,93
"2139",1927-03-01,69.6
"2140",1927-04-01,93.5
"2141",1927-05-01,79.1
"2142",1927-06-01,59.1
"2143",1927-07-01,54.9
"2144",1927-08-01,53.8
"2145",1927-09-01,68.4
"2146",1927-10-01,63.1
"2147",1927-11-01,67.2
"2148",1927-12-01,45.2
"2149",1928-01-01,83.5
"2150",1928-02-01,73.5
"2151",1928-03-01,85.4
"2152",1928-04-01,80.6
"2153",1928-05-01,76.9
"2154",1928-06-01,91.4
"2155",1928-07-01,98
"2156",1928-08-01,83.8
"2157",1928-09-01,89.7
"2158",1928-10-01,61.4
"2159",1928-11-01,50.3
"2160",1928-12-01,59
"2161",1929-01-01,68.9
"2162",1929-02-01,64.1
"2163",1929-03-01,50.2
"2164",1929-04-01,52.8
"2165",1929-05-01,58.2
"2166",1929-06-01,71.9
"2167",1929-07-01,70.2
"2168",1929-08-01,65.8
"2169",1929-09-01,34.4
"2170",1929-10-01,54
"2171",1929-11-01,81.1
"2172",1929-12-01,108
"2173",1930-01-01,65.3
"2174",1930-02-01,49.2
"2175",1930-03-01,35
"2176",1930-04-01,38.2
"2177",1930-05-01,36.8
"2178",1930-06-01,28.8
"2179",1930-07-01,21.9
"2180",1930-08-01,24.9
"2181",1930-09-01,32.1
"2182",1930-10-01,34.4
"2183",1930-11-01,35.6
"2184",1930-12-01,25.8
"2185",1931-01-01,14.6
"2186",1931-02-01,43.1
"2187",1931-03-01,30
"2188",1931-04-01,31.2
"2189",1931-05-01,24.6
"2190",1931-06-01,15.3
"2191",1931-07-01,17.4
"2192",1931-08-01,13
"2193",1931-09-01,19
"2194",1931-10-01,10
"2195",1931-11-01,18.7
"2196",1931-12-01,17.8
"2197",1932-01-01,12.1
"2198",1932-02-01,10.6
"2199",1932-03-01,11.2
"2200",1932-04-01,11.2
"2201",1932-05-01,17.9
"2202",1932-06-01,22.2
"2203",1932-07-01,9.6
"2204",1932-08-01,6.8
"2205",1932-09-01,4
"2206",1932-10-01,8.9
"2207",1932-11-01,8.2
"2208",1932-12-01,11
"2209",1933-01-01,12.3
"2210",1933-02-01,22.2
"2211",1933-03-01,10.1
"2212",1933-04-01,2.9
"2213",1933-05-01,3.2
"2214",1933-06-01,5.2
"2215",1933-07-01,2.8
"2216",1933-08-01,0.2
"2217",1933-09-01,5.1
"2218",1933-10-01,3
"2219",1933-11-01,0.6
"2220",1933-12-01,0.3
"2221",1934-01-01,3.4
"2222",1934-02-01,7.8
"2223",1934-03-01,4.3
"2224",1934-04-01,11.3
"2225",1934-05-01,19.7
"2226",1934-06-01,6.7
"2227",1934-07-01,9.3
"2228",1934-08-01,8.3
"2229",1934-09-01,4
"2230",1934-10-01,5.7
"2231",1934-11-01,8.7
"2232",1934-12-01,15.4
"2233",1935-01-01,18.9
"2234",1935-02-01,20.5
"2235",1935-03-01,23.1
"2236",1935-04-01,12.2
"2237",1935-05-01,27.3
"2238",1935-06-01,45.7
"2239",1935-07-01,33.9
"2240",1935-08-01,30.1
"2241",1935-09-01,42.1
"2242",1935-10-01,53.2
"2243",1935-11-01,64.2
"2244",1935-12-01,61.5
"2245",1936-01-01,62.8
"2246",1936-02-01,74.3
"2247",1936-03-01,77.1
"2248",1936-04-01,74.9
"2249",1936-05-01,54.6
"2250",1936-06-01,70
"2251",1936-07-01,52.3
"2252",1936-08-01,87
"2253",1936-09-01,76
"2254",1936-10-01,89
"2255",1936-11-01,115.4
"2256",1936-12-01,123.4
"2257",1937-01-01,132.5
"2258",1937-02-01,128.5
"2259",1937-03-01,83.9
"2260",1937-04-01,109.3
"2261",1937-05-01,116.7
"2262",1937-06-01,130.3
"2263",1937-07-01,145.1
"2264",1937-08-01,137.7
"2265",1937-09-01,100.7
"2266",1937-10-01,124.9
"2267",1937-11-01,74.4
"2268",1937-12-01,88.8
"2269",1938-01-01,98.4
"2270",1938-02-01,119.2
"2271",1938-03-01,86.5
"2272",1938-04-01,101
"2273",1938-05-01,127.4
"2274",1938-06-01,97.5
"2275",1938-07-01,165.3
"2276",1938-08-01,115.7
"2277",1938-09-01,89.6
"2278",1938-10-01,99.1
"2279",1938-11-01,122.2
"2280",1938-12-01,92.7
"2281",1939-01-01,80.3
"2282",1939-02-01,77.4
"2283",1939-03-01,64.6
"2284",1939-04-01,109.1
"2285",1939-05-01,118.3
"2286",1939-06-01,101
"2287",1939-07-01,97.6
"2288",1939-08-01,105.8
"2289",1939-09-01,112.6
"2290",1939-10-01,88.1
"2291",1939-11-01,68.1
"2292",1939-12-01,42.1
"2293",1940-01-01,50.5
"2294",1940-02-01,59.4
"2295",1940-03-01,83.3
"2296",1940-04-01,60.7
"2297",1940-05-01,54.4
"2298",1940-06-01,83.9
"2299",1940-07-01,67.5
"2300",1940-08-01,105.5
"2301",1940-09-01,66.5
"2302",1940-10-01,55
"2303",1940-11-01,58.4
"2304",1940-12-01,68.3
"2305",1941-01-01,45.6
"2306",1941-02-01,44.5
"2307",1941-03-01,46.4
"2308",1941-04-01,32.8
"2309",1941-05-01,29.5
"2310",1941-06-01,59.8
"2311",1941-07-01,66.9
"2312",1941-08-01,60
"2313",1941-09-01,65.9
"2314",1941-10-01,46.3
"2315",1941-11-01,38.3
"2316",1941-12-01,33.7
"2317",1942-01-01,35.6
"2318",1942-02-01,52.8
"2319",1942-03-01,54.2
"2320",1942-04-01,60.7
"2321",1942-05-01,25
"2322",1942-06-01,11.4
"2323",1942-07-01,17.7
"2324",1942-08-01,20.2
"2325",1942-09-01,17.2
"2326",1942-10-01,19.2
"2327",1942-11-01,30.7
"2328",1942-12-01,22.5
"2329",1943-01-01,12.4
"2330",1943-02-01,28.9
"2331",1943-03-01,27.4
"2332",1943-04-01,26.1
"2333",1943-05-01,14.1
"2334",1943-06-01,7.6
"2335",1943-07-01,13.2
"2336",1943-08-01,19.4
"2337",1943-09-01,10
"2338",1943-10-01,7.8
"2339",1943-11-01,10.2
"2340",1943-12-01,18.8
"2341",1944-01-01,3.7
"2342",1944-02-01,0.5
"2343",1944-03-01,11
"2344",1944-04-01,0.3
"2345",1944-05-01,2.5
"2346",1944-06-01,5
"2347",1944-07-01,5
"2348",1944-08-01,16.7
"2349",1944-09-01,14.3
"2350",1944-10-01,16.9
"2351",1944-11-01,10.8
"2352",1944-12-01,28.4
"2353",1945-01-01,18.5
"2354",1945-02-01,12.7
"2355",1945-03-01,21.5
"2356",1945-04-01,32
"2357",1945-05-01,30.6
"2358",1945-06-01,36.2
"2359",1945-07-01,42.6
"2360",1945-08-01,25.9
"2361",1945-09-01,34.9
"2362",1945-10-01,68.8
"2363",1945-11-01,46
"2364",1945-12-01,27.4
"2365",1946-01-01,47.6
"2366",1946-02-01,86.2
"2367",1946-03-01,76.6
"2368",1946-04-01,75.7
"2369",1946-05-01,84.9
"2370",1946-06-01,73.5
"2371",1946-07-01,116.2
"2372",1946-08-01,107.2
"2373",1946-09-01,94.4
"2374",1946-10-01,102.3
"2375",1946-11-01,123.8
"2376",1946-12-01,121.7
"2377",1947-01-01,115.7
"2378",1947-02-01,113.4
"2379",1947-03-01,129.8
"2380",1947-04-01,149.8
"2381",1947-05-01,201.3
"2382",1947-06-01,163.9
"2383",1947-07-01,157.9
"2384",1947-08-01,188.8
"2385",1947-09-01,169.4
"2386",1947-10-01,163.6
"2387",1947-11-01,128
"2388",1947-12-01,116.5
"2389",1948-01-01,108.5
"2390",1948-02-01,86.1
"2391",1948-03-01,94.8
"2392",1948-04-01,189.7
"2393",1948-05-01,174
"2394",1948-06-01,167.8
"2395",1948-07-01,142.2
"2396",1948-08-01,157.9
"2397",1948-09-01,143.3
"2398",1948-10-01,136.3
"2399",1948-11-01,95.8
"2400",1948-12-01,138
"2401",1949-01-01,119.1
"2402",1949-02-01,182.3
"2403",1949-03-01,157.5
"2404",1949-04-01,147
"2405",1949-05-01,106.2
"2406",1949-06-01,121.7
"2407",1949-07-01,125.8
"2408",1949-08-01,123.8
"2409",1949-09-01,145.3
"2410",1949-10-01,131.6
"2411",1949-11-01,143.5
"2412",1949-12-01,117.6
"2413",1950-01-01,101.6
"2414",1950-02-01,94.8
"2415",1950-03-01,109.7
"2416",1950-04-01,113.4
"2417",1950-05-01,106.2
"2418",1950-06-01,83.6
"2419",1950-07-01,91
"2420",1950-08-01,85.2
"2421",1950-09-01,51.3
"2422",1950-10-01,61.4
"2423",1950-11-01,54.8
"2424",1950-12-01,54.1
"2425",1951-01-01,59.9
"2426",1951-02-01,59.9
"2427",1951-03-01,59.9
"2428",1951-04-01,92.9
"2429",1951-05-01,108.5
"2430",1951-06-01,100.6
"2431",1951-07-01,61.5
"2432",1951-08-01,61
"2433",1951-09-01,83.1
"2434",1951-10-01,51.6
"2435",1951-11-01,52.4
"2436",1951-12-01,45.8
"2437",1952-01-01,40.7
"2438",1952-02-01,22.7
"2439",1952-03-01,22
"2440",1952-04-01,29.1
"2441",1952-05-01,23.4
"2442",1952-06-01,36.4
"2443",1952-07-01,39.3
"2444",1952-08-01,54.9
"2445",1952-09-01,28.2
"2446",1952-10-01,23.8
"2447",1952-11-01,22.1
"2448",1952-12-01,34.3
"2449",1953-01-01,26.5
"2450",1953-02-01,3.9
"2451",1953-03-01,10
"2452",1953-04-01,27.8
"2453",1953-05-01,12.5
"2454",1953-06-01,21.8
"2455",1953-07-01,8.6
"2456",1953-08-01,23.5
"2457",1953-09-01,19.3
"2458",1953-10-01,8.2
"2459",1953-11-01,1.6
"2460",1953-12-01,2.5
"2461",1954-01-01,0.2
"2462",1954-02-01,0.5
"2463",1954-03-01,10.9
"2464",1954-04-01,1.8
"2465",1954-05-01,0.8
"2466",1954-06-01,0.2
"2467",1954-07-01,4.8
"2468",1954-08-01,8.4
"2469",1954-09-01,1.5
"2470",1954-10-01,7
"2471",1954-11-01,9.2
"2472",1954-12-01,7.6
"2473",1955-01-01,23.1
"2474",1955-02-01,20.8
"2475",1955-03-01,4.9
"2476",1955-04-01,11.3
"2477",1955-05-01,28.9
"2478",1955-06-01,31.7
"2479",1955-07-01,26.7
"2480",1955-08-01,40.7
"2481",1955-09-01,42.7
"2482",1955-10-01,58.5
"2483",1955-11-01,89.2
"2484",1955-12-01,76.9
"2485",1956-01-01,73.6
"2486",1956-02-01,124
"2487",1956-03-01,118.4
"2488",1956-04-01,110.7
"2489",1956-05-01,136.6
"2490",1956-06-01,116.6
"2491",1956-07-01,129.1
"2492",1956-08-01,169.6
"2493",1956-09-01,173.2
"2494",1956-10-01,155.3
"2495",1956-11-01,201.3
"2496",1956-12-01,192.1
"2497",1957-01-01,165
"2498",1957-02-01,130.2
"2499",1957-03-01,157.4
"2500",1957-04-01,175.2
"2501",1957-05-01,164.6
"2502",1957-06-01,200.7
"2503",1957-07-01,187.2
"2504",1957-08-01,158
"2505",1957-09-01,235.8
"2506",1957-10-01,253.8
"2507",1957-11-01,210.9
"2508",1957-12-01,239.4
"2509",1958-01-01,202.5
"2510",1958-02-01,164.9
"2511",1958-03-01,190.7
"2512",1958-04-01,196
"2513",1958-05-01,175.3
"2514",1958-06-01,171.5
"2515",1958-07-01,191.4
"2516",1958-08-01,200.2
"2517",1958-09-01,201.2
"2518",1958-10-01,181.5
"2519",1958-11-01,152.3
"2520",1958-12-01,187.6
"2521",1959-01-01,217.4
"2522",1959-02-01,143.1
"2523",1959-03-01,185.7
"2524",1959-04-01,163.3
"2525",1959-05-01,172
"2526",1959-06-01,168.7
"2527",1959-07-01,149.6
"2528",1959-08-01,199.6
"2529",1959-09-01,145.2
"2530",1959-10-01,111.4
"2531",1959-11-01,124
"2532",1959-12-01,125
"2533",1960-01-01,146.3
"2534",1960-02-01,106
"2535",1960-03-01,102.2
"2536",1960-04-01,122
"2537",1960-05-01,119.6
"2538",1960-06-01,110.2
"2539",1960-07-01,121.7
"2540",1960-08-01,134.1
"2541",1960-09-01,127.2
"2542",1960-10-01,82.8
"2543",1960-11-01,89.6
"2544",1960-12-01,85.6
"2545",1961-01-01,57.9
"2546",1961-02-01,46.1
"2547",1961-03-01,53
"2548",1961-04-01,61.4
"2549",1961-05-01,51
"2550",1961-06-01,77.4
"2551",1961-07-01,70.2
"2552",1961-08-01,55.9
"2553",1961-09-01,63.6
"2554",1961-10-01,37.7
"2555",1961-11-01,32.6
"2556",1961-12-01,40
"2557",1962-01-01,38.7
"2558",1962-02-01,50.3
"2559",1962-03-01,45.6
"2560",1962-04-01,46.4
"2561",1962-05-01,43.7
"2562",1962-06-01,42
"2563",1962-07-01,21.8
"2564",1962-08-01,21.8
"2565",1962-09-01,51.3
"2566",1962-10-01,39.5
"2567",1962-11-01,26.9
"2568",1962-12-01,23.2
"2569",1963-01-01,19.8
"2570",1963-02-01,24.4
"2571",1963-03-01,17.1
"2572",1963-04-01,29.3
"2573",1963-05-01,43
"2574",1963-06-01,35.9
"2575",1963-07-01,19.6
"2576",1963-08-01,33.2
"2577",1963-09-01,38.8
"2578",1963-10-01,35.3
"2579",1963-11-01,23.4
"2580",1963-12-01,14.9
"2581",1964-01-01,15.3
"2582",1964-02-01,17.7
"2583",1964-03-01,16.5
"2584",1964-04-01,8.6
"2585",1964-05-01,9.5
"2586",1964-06-01,9.1
"2587",1964-07-01,3.1
"2588",1964-08-01,9.3
"2589",1964-09-01,4.7
"2590",1964-10-01,6.1
"2591",1964-11-01,7.4
"2592",1964-12-01,15.1
"2593",1965-01-01,17.5
"2594",1965-02-01,14.2
"2595",1965-03-01,11.7
"2596",1965-04-01,6.8
"2597",1965-05-01,24.1
"2598",1965-06-01,15.9
"2599",1965-07-01,11.9
"2600",1965-08-01,8.9
"2601",1965-09-01,16.8
"2602",1965-10-01,20.1
"2603",1965-11-01,15.8
"2604",1965-12-01,17
"2605",1966-01-01,28.2
"2606",1966-02-01,24.4
"2607",1966-03-01,25.3
"2608",1966-04-01,48.7
"2609",1966-05-01,45.3
"2610",1966-06-01,47.7
"2611",1966-07-01,56.7
"2612",1966-08-01,51.2
"2613",1966-09-01,50.2
"2614",1966-10-01,57.2
"2615",1966-11-01,57.2
"2616",1966-12-01,70.4
"2617",1967-01-01,110.9
"2618",1967-02-01,93.6
"2619",1967-03-01,111.8
"2620",1967-04-01,69.5
"2621",1967-05-01,86.5
"2622",1967-06-01,67.3
"2623",1967-07-01,91.5
"2624",1967-08-01,107.2
"2625",1967-09-01,76.8
"2626",1967-10-01,88.2
"2627",1967-11-01,94.3
"2628",1967-12-01,126.4
"2629",1968-01-01,121.8
"2630",1968-02-01,111.9
"2631",1968-03-01,92.2
"2632",1968-04-01,81.2
"2633",1968-05-01,127.2
"2634",1968-06-01,110.3
"2635",1968-07-01,96.1
"2636",1968-08-01,109.3
"2637",1968-09-01,117.2
"2638",1968-10-01,107.7
"2639",1968-11-01,86
"2640",1968-12-01,109.8
"2641",1969-01-01,104.4
"2642",1969-02-01,120.5
"2643",1969-03-01,135.8
"2644",1969-04-01,106.8
"2645",1969-05-01,120
"2646",1969-06-01,106
"2647",1969-07-01,96.8
"2648",1969-08-01,98
"2649",1969-09-01,91.3
"2650",1969-10-01,95.7
"2651",1969-11-01,93.5
"2652",1969-12-01,97.9
"2653",1970-01-01,111.5
"2654",1970-02-01,127.8
"2655",1970-03-01,102.9
"2656",1970-04-01,109.5
"2657",1970-05-01,127.5
"2658",1970-06-01,106.8
"2659",1970-07-01,112.5
"2660",1970-08-01,93
"2661",1970-09-01,99.5
"2662",1970-10-01,86.6
"2663",1970-11-01,95.2
"2664",1970-12-01,83.5
"2665",1971-01-01,91.3
"2666",1971-02-01,79
"2667",1971-03-01,60.7
"2668",1971-04-01,71.8
"2669",1971-05-01,57.5
"2670",1971-06-01,49.8
"2671",1971-07-01,81
"2672",1971-08-01,61.4
"2673",1971-09-01,50.2
"2674",1971-10-01,51.7
"2675",1971-11-01,63.2
"2676",1971-12-01,82.2
"2677",1972-01-01,61.5
"2678",1972-02-01,88.4
"2679",1972-03-01,80.1
"2680",1972-04-01,63.2
"2681",1972-05-01,80.5
"2682",1972-06-01,88
"2683",1972-07-01,76.5
"2684",1972-08-01,76.8
"2685",1972-09-01,64
"2686",1972-10-01,61.3
"2687",1972-11-01,41.6
"2688",1972-12-01,45.3
"2689",1973-01-01,43.4
"2690",1973-02-01,42.9
"2691",1973-03-01,46
"2692",1973-04-01,57.7
"2693",1973-05-01,42.4
"2694",1973-06-01,39.5
"2695",1973-07-01,23.1
"2696",1973-08-01,25.6
"2697",1973-09-01,59.3
"2698",1973-10-01,30.7
"2699",1973-11-01,23.9
"2700",1973-12-01,23.3
"2701",1974-01-01,27.6
"2702",1974-02-01,26
"2703",1974-03-01,21.3
"2704",1974-04-01,40.3
"2705",1974-05-01,39.5
"2706",1974-06-01,36
"2707",1974-07-01,55.8
"2708",1974-08-01,33.6
"2709",1974-09-01,40.2
"2710",1974-10-01,47.1
"2711",1974-11-01,25
"2712",1974-12-01,20.5
"2713",1975-01-01,18.9
"2714",1975-02-01,11.5
"2715",1975-03-01,11.5
"2716",1975-04-01,5.1
"2717",1975-05-01,9
"2718",1975-06-01,11.4
"2719",1975-07-01,28.2
"2720",1975-08-01,39.7
"2721",1975-09-01,13.9
"2722",1975-10-01,9.1
"2723",1975-11-01,19.4
"2724",1975-12-01,7.8
"2725",1976-01-01,8.1
"2726",1976-02-01,4.3
"2727",1976-03-01,21.9
"2728",1976-04-01,18.8
"2729",1976-05-01,12.4
"2730",1976-06-01,12.2
"2731",1976-07-01,1.9
"2732",1976-08-01,16.4
"2733",1976-09-01,13.5
"2734",1976-10-01,20.6
"2735",1976-11-01,5.2
"2736",1976-12-01,15.3
"2737",1977-01-01,16.4
"2738",1977-02-01,23.1
"2739",1977-03-01,8.7
"2740",1977-04-01,12.9
"2741",1977-05-01,18.6
"2742",1977-06-01,38.5
"2743",1977-07-01,21.4
"2744",1977-08-01,30.1
"2745",1977-09-01,44
"2746",1977-10-01,43.8
"2747",1977-11-01,29.1
"2748",1977-12-01,43.2
"2749",1978-01-01,51.9
"2750",1978-02-01,93.6
"2751",1978-03-01,76.5
"2752",1978-04-01,99.7
"2753",1978-05-01,82.7
"2754",1978-06-01,95.1
"2755",1978-07-01,70.4
"2756",1978-08-01,58.1
"2757",1978-09-01,138.2
"2758",1978-10-01,125.1
"2759",1978-11-01,97.9
"2760",1978-12-01,122.7
"2761",1979-01-01,166.6
"2762",1979-02-01,137.5
"2763",1979-03-01,138
"2764",1979-04-01,101.5
"2765",1979-05-01,134.4
"2766",1979-06-01,149.5
"2767",1979-07-01,159.4
"2768",1979-08-01,142.2
"2769",1979-09-01,188.4
"2770",1979-10-01,186.2
"2771",1979-11-01,183.3
"2772",1979-12-01,176.3
"2773",1980-01-01,159.6
"2774",1980-02-01,155
"2775",1980-03-01,126.2
"2776",1980-04-01,164.1
"2777",1980-05-01,179.9
"2778",1980-06-01,157.3
"2779",1980-07-01,136.3
"2780",1980-08-01,135.4
"2781",1980-09-01,155
"2782",1980-10-01,164.7
"2783",1980-11-01,147.9
"2784",1980-12-01,174.4
"2785",1981-01-01,114
"2786",1981-02-01,141.3
"2787",1981-03-01,135.5
"2788",1981-04-01,156.4
"2789",1981-05-01,127.5
"2790",1981-06-01,90
"2791",1981-07-01,143.8
"2792",1981-08-01,158.7
"2793",1981-09-01,167.3
"2794",1981-10-01,162.4
"2795",1981-11-01,137.5
"2796",1981-12-01,150.1
"2797",1982-01-01,111.2
"2798",1982-02-01,163.6
"2799",1982-03-01,153.8
"2800",1982-04-01,122
"2801",1982-05-01,82.2
"2802",1982-06-01,110.4
"2803",1982-07-01,106.1
"2804",1982-08-01,107.6
"2805",1982-09-01,118.8
"2806",1982-10-01,94.7
"2807",1982-11-01,98.1
"2808",1982-12-01,127
"2809",1983-01-01,84.3
"2810",1983-02-01,51
"2811",1983-03-01,66.5
"2812",1983-04-01,80.7
"2813",1983-05-01,99.2
"2814",1983-06-01,91.1
"2815",1983-07-01,82.2
"2816",1983-08-01,71.8
"2817",1983-09-01,50.3
"2818",1983-10-01,55.8
"2819",1983-11-01,33.3
"2820",1983-12-01,33.4
